id,name,province,nearest_city,elevation_m,basecamp_name,basecamp_access,basecamp_gps_lat,basecamp_gps_lng,summit_gps_lat,summit_gps_lng,distance_one_way_km,distance_round_trip_km,ascent_time_hours,descent_time_hours,num_pos,pos_breakdown,elevation_gain_segments,trail_type,difficulty,risk_level,key_hazards,critical_points,distance_from_surabaya_km,travel_time_from_surabaya_hours,recommended_transport,registration_method,permit_required,access_status,entry_fee_idr,water_sources,camping_area,emergency_shelter,signal_coverage,toilet_warung,environmental_condition,common_issues,reforestation_activity,csr_potential,recommended_conservation,best_time_months,sunrise_sunset_rating,unique_selling_point,crowd_level,minimum_gear,water_requirement_liters,emergency_contact,common_accident_types,offline_map_available,data_reliability,last_updated
semeru,Semeru (Mahameru),East Java,Lumajang / Malang,3676,Ranu Pani,From Malang via Tumpang; 4WD/ojek last 15 km to Ranu Pani village,-8.009,112.929,-8.108,112.922,15,30,12-16 (2 days recommended),8-10,9,Ranu Pani>Watu Rejeng: ~3km/1.5h; Watu Rejeng>Ranu Kumbolo: ~3km/1.5h; Ranu Kumbolo>Oro-oro Ombo: ~2km/1h; Oro-oro Ombo>Cemoro Kandang: ~1.5km/45min; Cemoro Kandang>Jambangan: ~1.5km/45min; Jambangan>Kalimati: ~1.5km/45min; Kalimati>Arcopodo: ~1km/1h; Arcopodo>Summit: ~1.5km/2-3h,Ranu Pani(2100m)>Ranu Kumbolo(2400m): +300m; Ranu Kumbolo>Kalimati(2700m): +300m; Kalimati>Summit(3676m): +976m,Forest; savanna (Oro-oro Ombo); volcanic scree (summit pyramid),Advanced,High,Active volcano (eruptions/pyroclastic clouds); altitude sickness above 3000m; extreme cold (-5°C at summit); loose volcanic scree; dehydration,Arcopodo to summit: 45° loose scree slope; risk of rockfall and falls. Summit crater: toxic gas emissions.,150,5-6,Car to Tumpang; 4WD/ojek to Ranu Pani,Online via SIMAKSI (bromotenggersemeru.org); quota limited,Yes (TN-BTS national park permit),open,"27500 weekday / 42500 weekend (domestic, 2024)",Ranu Kumbolo lake (must treat/filter); no reliable water above Kumbolo,Ranu Kumbolo (capacity ~300 tents); Kalimati (capacity ~100 tents),Basic shelter at Kalimati,Telkomsel weak at Ranu Pani; none above Ranu Kumbolo,Toilet at Ranu Pani; warung at Ranu Pani village only,Moderate,Trash accumulation at Ranu Kumbolo; trail erosion on summit slope; illegal edelweiss picking,Yes — TN-BTS reforestation program active,High,Pack-in-pack-out enforcement; edelweiss protection awareness; summit trail erosion control; Ranu Kumbolo water quality monitoring,May-October (dry season),5,Highest peak in Java; iconic Ranu Kumbolo alpine lake; Oro-oro Ombo savanna; volcanic sunrise from summit,High,4-season tent; -5°C sleeping bag; trekking poles; gaiters; headlamp; windproof jacket; balaclava; gloves,4-5,TN-BTS Ranu Pani post; BASARNAS Lumajang,Altitude sickness; falls on summit scree; hypothermia; dehydration,Yes,High,2024
arjuno,Arjuno,East Java,Malang / Batu / Pasuruan,3339,Purwosari (Lawang) / Tretes / Cangar,Purwosari: from Malang via Lawang (30 min); Tretes: from Pasuruan (1h); Cangar: from Batu (45 min),Unknown,Unknown,Unknown,Unknown,~12 (via Purwosari),~24,8-10,5-7,5 (via Purwosari),Basecamp>Pos 1: ~2.5km/1.5h; Pos 1>Pos 2: ~2km/1.5h; Pos 2>Pos 3 (Lalijiwo meadow): ~2.5km/1.5h; Pos 3>Pos 4: ~2km/1.5h; Pos 4>Summit: ~3km/2h,Basecamp(1200m)>Summit(3339m): ~2100m total gain,Dense tropical forest; alpine meadow (Lalijiwo); open ridge near summit,Advanced,Medium,Dense fog/low visibility; steep inclines; cold temperatures at summit; slippery trail in wet season; disorientation in forest,Forest section above Pos 2: easy to lose trail in fog; summit ridge: exposed to wind,90,2-3,Car/motorbike to Purwosari or Tretes,Basecamp registration (offline),Yes (Perhutani/TNBTS depending on route),open,15000-20000 (2024 estimate),Springs at Pos 1-2; unreliable above Pos 3,Lalijiwo meadow (Pos 3); open area near Pos 4,None,Telkomsel intermittent at lower pos; none above Pos 3,Basecamp only,Moderate,Trail erosion; trash at camping areas; fog-related lost hikers,Unknown,High,Trail marking improvement; Lalijiwo meadow edelweiss protection; waste management at camping areas,May-October,4,Lalijiwo edelweiss meadow; panoramic view of Semeru and Bromo; combined Arjuno-Welirang traverse,Medium,3-season tent; 0°C sleeping bag; trekking poles; rain gear; headlamp,3-4,BASARNAS Malang; local SAR Lawang,Hypothermia; lost trail in fog; slips on wet terrain,Yes,High,2024
welirang,Welirang,East Java,Pasuruan / Batu,3156,Tretes / Cangar,Tretes: from Pasuruan via Prigen (1h); Cangar: from Batu (45 min hot springs road),Unknown,Unknown,Unknown,Unknown,~10 (via Tretes),~20,7-9,5-6,4,Tretes>Pos 1 (Patok): ~2.5km/1.5h; Pos 1>Pos 2: ~2.5km/1.5h; Pos 2>Sulfur mining area: ~2km/1.5h; Sulfur area>Summit: ~3km/2.5h,Tretes(800m)>Summit(3156m): ~2350m total gain,Forest; sulfur fumarole field; rocky terrain near summit,Advanced,Medium,Sulfur gas exposure at fumarole field; steep rocky sections; cold; dense fog,Sulfur mining area: toxic fumes; do not linger. Rocky scramble near summit.,80,2-2.5,Car/motorbike to Tretes,Basecamp registration (offline),Yes (Perhutani),open,Unknown,Springs at lower pos; none near summit,Flat area before sulfur field,None,Intermittent below sulfur area; none near summit,Tretes basecamp only,Moderate,Sulfur mining waste; trail damage from miners,Unknown,Medium,Sulfur miner safety awareness; trail rehabilitation; waste management,May-October,4,Active sulfur fumaroles; often combined with Arjuno traverse; traditional sulfur miners still active,Medium,3-season tent; 0°C sleeping bag; mask/bandana for sulfur area; trekking poles; rain gear,3-4,BASARNAS Pasuruan,Sulfur gas inhalation; slips on rocky terrain; hypothermia,Yes,Medium,2024
raung,Raung,East Java,Banyuwangi / Bondowoso,3332,Kalibaru / Sumber Wringin,Kalibaru: from Banyuwangi (2h drive); Sumber Wringin: from Bondowoso (1.5h),Unknown,Unknown,Unknown,Unknown,~18 (via Kalibaru),~36,14-18 (2-3 days),10-12,5,Basecamp>Pos 1 (Pondok Salak): ~4km/2h; Pos 1>Pos 2 (Pondok Angin): ~3.5km/2h; Pos 2>Pos 3: ~3.5km/2.5h; Pos 3>Crater rim: ~4km/3h; Crater rim traverse to summit: ~3km/3h,Basecamp(~1200m)>Summit(3332m): ~2100m total,Dense tropical forest; crater rim traverse; exposed ridge,Advanced,High,Exposed crater rim (no protection; sheer drops both sides); active volcanic activity; extreme wind on ridge; dense forest navigation; limited water,Crater rim traverse: knife-edge ridge with 300m+ drops; summit push requires technical scrambling,250,5-6,Car to Kalibaru; motorbike to trailhead,Basecamp registration; coordinate with local guide,Yes (Perhutani/TNMAS),open,Unknown,Spring at Pos 1; unreliable above,Pondok Angin (Pos 2); crater rim (exposed),None,None above Pos 1,None on trail,Good (low traffic preserves environment),Illegal logging in lower forest; volcanic damage to trails,Unknown,High,Anti-logging patrols; trail maintenance after volcanic events; wildlife corridor protection,May-September (avoid monsoon — extreme wind on rim),5,One of Java's most technical and remote summits; dramatic crater rim traverse; pristine forest; true wilderness experience,Low,4-season tent; -5°C sleeping bag; trekking poles; helmet (rockfall); 3 days food; rope (recommended); full rain gear,5-6,BASARNAS Bondowoso/Banyuwangi,Falls from crater rim; lost trail in forest; dehydration; hypothermia,Unknown,Medium,2024
argopuro,Argopuro,East Java,Probolinggo / Situbondo,3088,Baderan (Situbondo) / Bremi (Probolinggo),Baderan: from Situbondo (2h); Bremi: from Probolinggo (2h); traverse route popular,Unknown,Unknown,Unknown,Unknown,~30 (Baderan-Bremi traverse),~30 (one-way traverse) or ~40 (return via same route),18-24 (3-4 days traverse),12-16,6-7 (varies by route),Baderan>Pos 1: ~5km/3h; Pos 1>Pos 2 (Cisentor): ~5km/3h; Cisentor>Pos 3: ~4km/2.5h; Pos 3>Rengganis crater: ~4km/2.5h; Rengganis>Summit: ~3km/2h; Summit>Bremi exit: ~9km/5h,Baderan(~700m)>Summit(3088m): ~2400m total; Bremi exit(~600m): -2500m descent,Dense tropical forest; savanna plateau; crater area; alpine meadow,Advanced,Medium,Longest trail in Java — logistics/endurance; dense forest navigation; limited water sources; wildlife (wild boar; monkeys); isolation,Forest section between Pos 1-3: easy to lose trail; Rengganis area: sulfurous gas pockets,130,3-4,Car to Baderan or Bremi; arrange pickup at exit point for traverse,Basecamp registration (offline); recommended to hire local guide,Yes (Perhutani),open,Unknown,Springs at Cisentor; Rengganis area (sulfurous — filter carefully); carry 3+ days water capacity,Cisentor (flat); savanna plateau near summit; multiple informal sites,None,None on entire trail,None on trail,"Good (remote, low traffic)",Trail markers overgrown; illegal logging at lower elevations,Unknown,High,Trail marking and maintenance; anti-logging initiative; wildlife monitoring; water source protection,May-September,4,Longest hiking trail in Java; true multi-day wilderness expedition; Rengganis hot crater; pristine ecosystem,Low,4-season tent; -5°C sleeping bag; 3-4 days food supply; water purification; GPS device; trekking poles; machete (overgrown trail sections),6+ (per day: 2-3L),BASARNAS Probolinggo/Situbondo,Lost trail/disorientation; dehydration; animal encounters; exhaustion,Unknown,Medium,2024
bromo,Bromo,East Java,Probolinggo / Pasuruan,2329,Cemoro Lawang,From Probolinggo via Sukapura (1.5h drive); paved road to Cemoro Lawang,-7.936,112.963,-7.942,112.95,~3 (from Cemoro Lawang to crater),~6,1-1.5,1,2 (Sand Sea crossing + stairway to crater rim),Cemoro Lawang>Sand Sea floor: ~1.5km/30min; Sand Sea>Base of stairway: ~1km/20min; Stairway>Crater rim: ~0.5km/15min,Cemoro Lawang(2217m)>Sand Sea(2100m): -117m; Sand Sea>Crater rim(2329m): +229m,Volcanic sand sea; concrete stairway to crater rim,Beginner,Low,Volcanic gas at crater rim; sand storms in dry season; cold pre-dawn (for sunrise); altitude for unacclimatized,Crater rim: no barriers on volcanic side; do not descend into crater,120,3-4,Car to Cemoro Lawang; 4WD jeep tours available from Probolinggo or Malang,Online via TN-BTS or at gate,Yes (TN-BTS),open,"32000 weekday / 47000 weekend (domestic, 2024)",Purchase in Cemoro Lawang; none on trail,Not applicable (day trip); guesthouses in Cemoro Lawang,Cemoro Lawang village,Telkomsel and Indosat available in Cemoro Lawang; weak on Sand Sea,Cemoro Lawang has multiple warungs and toilets; toilet near stairway base,Moderate,Tourist trash on Sand Sea and crater rim; horse waste from tourist rides; overcrowding on holidays,Yes — TN-BTS Sand Sea ecosystem restoration,High,Tourist waste management; horse ride regulation; visitor capacity limits; Sand Sea ecosystem awareness,Year-round (best May-October for clear sunrise),5,Iconic volcanic landscape of Java; sunrise at Penanjakan viewpoint; Sand Sea caldera; extremely accessible for all fitness levels,High,Warm jacket; headlamp (pre-dawn); mask/bandana (sand/gas); comfortable shoes,1,TN-BTS Cemoro Lawang post; BASARNAS Probolinggo,Respiratory irritation from volcanic gas; minor slips on stairway; cold exposure (pre-dawn tourists underdressed),Yes,High,2024
ijen,Ijen (Kawah Ijen),East Java,Banyuwangi / Bondowoso,2799,Paltuding,From Banyuwangi via Licin (1.5h); or from Bondowoso via Sempol (2h); paved road to Paltuding,-8.058,114.227,-8.058,114.242,~3,~6 (plus 1km descent into crater if going to blue fire),1.5-2,1-1.5,2 (Pos Bunder + crater rim),Paltuding>Pos Bunder: ~1.5km/45min; Pos Bunder>Crater rim: ~1.5km/45min; Crater rim>Lake/blue fire: ~1km/30min (steep descent),Paltuding(1850m)>Crater rim(2799m): +949m; Crater rim>Lake(2148m): -651m,"Paved/rocky path; steep descent into crater (rocky, slippery)",Beginner (rim only) / Intermediate (crater descent),Medium,Toxic sulfur gas (H2S/SO2) in crater — can be lethal; slippery crater descent path; darkness (blue fire viewing requires 1-3am arrival); cold,"Inside crater: gas concentration can spike suddenly — bring gas mask. Descent path to lake: steep, rocky, no barriers",250,5-6,Car to Paltuding; motorbike possible but cold pre-dawn ride,Gate registration at Paltuding,Yes (TNAP — Alas Purwo/Ijen park),open,"7500 weekday / 10000 weekend (domestic, 2024)",Purchase at Paltuding; none on trail,Not applicable (day/night trip),Pos Bunder,Telkomsel at Paltuding; none at crater,Paltuding has warung and toilet; none on trail,Moderate,Sulfur miner exploitation/safety; tourist trash at crater rim; acid lake contamination risk,Unknown,High,Sulfur miner welfare programs; gas mask distribution; crater area waste cleanup; visitor education on toxic gas risks,Year-round (blue fire best Apr-Oct; arrive 1-3am),5,Blue fire phenomenon (one of two locations worldwide); turquoise acid crater lake; sulfur miners; dramatic pre-dawn hike,High,Gas mask (activated carbon); headlamp; warm jacket; good grip shoes; gloves,1-2,Paltuding ranger post; BASARNAS Banyuwangi,Gas inhalation (most common); slips in crater; cold exposure,Yes,High,2024
penanggungan,Penanggungan,East Java,Mojokerto / Pasuruan,1653,Tamiajeng / Jedong / Trawas,From Mojokerto via Trawas (45 min); multiple access points,Unknown,Unknown,Unknown,Unknown,~5 (via Tamiajeng),~10,3-4,2-3,3,Basecamp>Pos 1: ~1.5km/1h; Pos 1>Pos 2: ~1.5km/1h; Pos 2>Summit: ~2km/1.5h,Basecamp(~600m)>Summit(1653m): ~1050m total,Forest; some rocky sections near summit; historical temple ruins along trail,Intermediate,Low,Slippery trail in wet season; limited shade on upper section; occasional monkeys,Rocky section near summit: loose rocks,55,1.5-2,Car/motorbike,Basecamp registration (offline),"No (Perhutani managed, fee at gate)",open,"5000-10000 (estimate, 2024)",Springs near lower pos; carry your own recommended,Small clearing near Pos 2 and summit area,None,Telkomsel available at most points,Basecamp warung; none on trail,Moderate,Trash on trail; damage to historical temple ruins,Unknown,High,Archaeological site preservation; trail cleanup days; heritage education; forest replanting at lower elevations,May-October,3,Over 80 ancient Hindu-Buddhist temple ruins scattered along trail; significant archaeological site; close to Surabaya for day trips,Medium,Day pack; 1L water minimum; comfortable hiking shoes; rain jacket,2,Unknown,Slips; minor scrapes; dehydration,Unknown,Medium,2024
panderman,Panderman,East Java,Batu,2045,Basecamp Panderman (Desa Toyomarto/Desa Pesanggrahan),From Batu city center (15 min drive/ojek),Unknown,Unknown,Unknown,Unknown,~4,~8,2-3,1.5-2,3,Basecamp>Pos 1: ~1.5km/45min; Pos 1>Pos 2: ~1.3km/45min; Pos 2>Summit: ~1.2km/45min,Basecamp(~1100m)>Summit(2045m): ~945m total,Open grassland; pine forest; open ridge,Beginner,Low,Sun exposure (open grassland); slippery when wet; wind at summit,None significant,90,2.5-3,Car/motorbike to Batu; ojek to basecamp,Basecamp registration (offline),No (entry fee at gate),open,"10000-15000 (estimate, 2024)",Carry your own,Summit area (popular for overnight camp),None,Good coverage throughout (close to Batu city),Basecamp has warung and toilet,Moderate,Trash at summit camping area; grassland fire risk in dry season,Unknown,Medium,Summit waste cleanup; fire prevention; grassland restoration,Year-round (avoid heavy rain Dec-Feb),4,Best beginner mountain near Surabaya; panoramic 360° view of Arjuno-Welirang-Kawi-Kelud; popular sunrise camping; open grassland landscape,High,Day pack; 1L water; comfortable shoes; jacket for summit wind,1.5,Unknown,Minor slips; sun exposure; dehydration,Unknown,Medium,2024
butak,Butak,East Java,Malang / Batu / Blitar,2868,Basecamp Panderman (combined route) / Coban Trisula / Sirah Kencong,Via Panderman summit (continue traverse); or from Blitar side via Sirah Kencong,Unknown,Unknown,Unknown,Unknown,~10 (via Panderman traverse),~20,7-9,5-6,4 (via Panderman route),Panderman summit>Saddle: ~2km/1.5h; Saddle>Pos Sabana: ~2km/1.5h; Pos Sabana>Pos 3: ~2km/1.5h; Pos 3>Butak Summit: ~2km/2h,Panderman(2045m)>Butak(2868m): +823m net (with undulation),Alpine savanna; open ridge; some forest sections; exposed ridgeline,Intermediate,Medium,Exposed ridgeline (wind/lightning); long traverse with no escape route; cold; limited water,Ridge traverse between Panderman and Butak: exposed to weather; no shelter,95,2.5-3,Car/motorbike to Batu/Panderman basecamp,Basecamp registration (offline),Yes (Perhutani),open,Unknown,None on traverse — carry all water from Panderman basecamp,Savanna plateau between Panderman and Butak,None,Intermittent on ridge; none in valleys,None on trail,Good (low traffic),Grassland fires in dry season; trail erosion,Unknown,Medium,Fire prevention program; trail marking; grassland ecosystem protection,May-September (dry season only — ridge too dangerous in rain),5,Stunning Panderman-Butak traverse across open savanna ridgeline; dramatic sunrise over sea of clouds; less crowded alternative to Arjuno,Low,3-season tent; 0°C sleeping bag; trekking poles; windproof jacket; 4L+ water; headlamp,4-5,BASARNAS Malang,Hypothermia; dehydration; lightning strikes on exposed ridge,Unknown,Medium,2024
kawi,Kawi,East Java,Malang / Blitar,2551,Basecamp Kawi (Desa Wonosari / Desa Ngroto),From Malang via Kepanjen (1.5h); from Blitar side (2h),Unknown,Unknown,Unknown,Unknown,~7,~14,5-7,3-5,4,Unknown — limited trail documentation,Unknown,Dense forest; some open ridge near summit,Intermediate,Medium,Dense forest (easy to lose trail); steep sections; limited trail markers; cold and windy summit,Forest section: poorly marked; summit approach: steep and slippery,120,3-4,Car/motorbike,Basecamp registration (offline),Yes (Perhutani),open,Unknown,Springs at lower elevations; unreliable above Pos 2,Flat areas at Pos 2-3; summit area limited,None,Unknown,Basecamp only,Unknown,Trail markers overgrown; limited documentation,Unknown,Medium,Trail marking and maintenance; forest monitoring,May-October,3,Quiet alternative to Arjuno; dense primary forest experience; views of Kelud and Arjuno from summit,Low,3-season tent; sleeping bag; trekking poles; GPS device; rain gear; headlamp,3,Unknown,Lost trail; slips on wet terrain,Unknown,Low,2024
anjasmoro,Anjasmoro,East Java,Mojokerto / Jombang,2282,Basecamp via Tretes / Wonosunyo,From Mojokerto via Trawas area (1h),Unknown,Unknown,Unknown,Unknown,~8,~16,5-7,3-5,Unknown,Unknown,Unknown,Forest; some open areas,Intermediate,Low,Dense forest navigation; slippery trail in wet season,Unknown,70,1.5-2,Car/motorbike,Basecamp registration (offline),Yes (Perhutani),open,Unknown,Unknown,Unknown,None,Unknown,Unknown,Unknown,Limited trail documentation and markers,Unknown,Medium,Trail documentation and mapping; forest monitoring,May-October,Unknown,Quiet forest hike near Surabaya; relatively easy access for intermediate hikers,Low,Day pack or tent; sleeping bag; rain gear; GPS device,3,Unknown,Lost trail; slips,Unknown,Low,2024
wilis,Wilis,East Java,Madiun / Kediri / Nganjuk,2169,Basecamp Ngliman (Nganjuk) / Basecamp Kare (Madiun),Ngliman: from Nganjuk (1.5h); Kare: from Madiun (1.5h),Unknown,Unknown,Unknown,Unknown,~8-10,~16-20,5-7,4-5,3-4,Unknown — varies by access route,Unknown,Forest; plantation (coffee/clove at lower altitudes); open ridge,Intermediate,Medium,Multiple peaks can cause confusion; dense fog; cold at night; some steep sections,Ridge between multiple peaks: navigation challenge,150,3-4,Car/motorbike to basecamp,Basecamp registration (offline),Yes (Perhutani),open,Unknown,Springs at lower elevations; carry your own for upper sections,Clearing near summit ridge,None,Intermittent at lower elevations; none near summit,Basecamp only,Moderate,Illegal logging; trail erosion; plantation encroachment on forest,Unknown,High,Anti-logging enforcement; forest boundary protection; community forestry program,May-October,3,Multi-peak complex with varied routes; coffee/clove plantation scenery at lower elevations; quiet and uncrowded,Low,3-season tent; sleeping bag; trekking poles; rain gear; GPS device,3-4,Unknown,Lost trail; slips; hypothermia,Unknown,Low,2024
liman,Liman,East Java,Nganjuk / Madiun,2563,Basecamp Ngliman (shared with Wilis access),From Nganjuk via Ngliman village (1.5h),Unknown,Unknown,Unknown,Unknown,~12,~24,7-9,5-7,Unknown,Unknown,Unknown,Dense forest; ridge traverse,Intermediate,Medium,Long trail; limited water; dense forest navigation; isolation,Unknown,160,3.5-4,Car/motorbike,Basecamp registration (offline),Yes (Perhutani),open,Unknown,Unknown,Unknown,None,Unknown,Basecamp only,Unknown,Trail rarely maintained; limited information,Unknown,Medium,Trail mapping and documentation; forest conservation baseline survey,May-October,Unknown,Highest peak in Wilis-Liman complex; rarely summited; for experienced hikers seeking solitude,Low,3-season tent; sleeping bag; GPS device; machete; full food supply; trekking poles,4-5,Unknown,Lost trail; dehydration,Unknown,Low,2024
kelud,Kelud,East Java,Kediri / Blitar,1731,Basecamp Kelud (post-2014 eruption access),From Kediri via Sugihwaras (1h); from Blitar (1.5h),Unknown,Unknown,Unknown,Unknown,~5,~10,3-4,2-3,2-3,Unknown — trail changed significantly after 2014 eruption,Unknown,Volcanic debris field; lava dome; some forest regrowth,Beginner,High,"Active volcano (major eruptions in 1990, 2007, 2014); unstable terrain post-eruption; volcanic gas; sudden eruptions",Crater area: active lava dome created in 2014; unstable ground,130,3-3.5,Car/motorbike,Gate registration; check PVMBG volcanic status before departure,Conditional — closed during elevated volcanic alert levels,conditional,Unknown,None on trail — carry all,Not recommended (volcanic risk),Observation bunkers at lower elevation,Telkomsel available at lower areas,Gate area only,Recovering,Post-eruption landscape recovery; unstable volcanic terrain; sand mining activity,Yes — natural regrowth monitoring; some community planting post-2014,High,Post-eruption ecosystem recovery monitoring; community disaster preparedness; reforestation of blast zone; sand mining regulation advocacy,May-October (check PVMBG status: Level I only),3,Dramatically transformed landscape post-2014 eruption; new lava dome visible; lesson in volcanic disaster and recovery; historically one of Java's most dangerous volcanoes,Medium,Day pack; 2L water; mask (dust/gas); sturdy shoes; check PVMBG alert level,2,PVMBG Kelud observation post; BASARNAS Kediri,Respiratory irritation from dust/gas; slips on volcanic debris; heat exposure,Unknown,Medium,2024
lemongan,Lemongan,East Java,Lumajang / Klakah,1651,Basecamp Klakah / Ranu Klakah area,From Lumajang via Klakah (1h),Unknown,Unknown,Unknown,Unknown,~5,~10,3-4,2-3,Unknown,Unknown,Unknown,Forest; volcanic terrain,Intermediate,Low,Dense forest; limited trail markers; occasional volcanic activity history,Unknown,160,3.5-4,Car/motorbike,Unknown,Unknown,open,Unknown,Ranu Klakah lake at base; unknown on trail,Unknown,None,Unknown,Klakah village,Unknown,Very limited trail documentation,Unknown,Low,Trail documentation and mapping needed; baseline environmental survey,May-October,Unknown,Ranu Klakah lake at base; quiet and rarely visited; near Semeru area,Low,Day pack; GPS device; rain gear; sufficient water,3,Unknown,Lost trail,Unknown,Low,2024
pundak,Pundak,East Java,Mojokerto / Pacet,1585,Basecamp Pacet / Trawas area,From Mojokerto via Pacet (45 min),Unknown,Unknown,Unknown,Unknown,~4,~8,2-3,1.5-2,2,Unknown,Unknown,Forest; open meadow near summit,Beginner,Low,Slippery in wet season; some steep sections,None significant,55,1.5,Car/motorbike,Basecamp registration (offline),No (entry fee at gate),open,5000-10000 (estimate),Carry your own,Summit meadow area,None,Good (close to Pacet town),Basecamp area,Moderate,Trash from weekend hikers,Unknown,Medium,Weekend cleanup campaigns; waste bin placement at trail points,Year-round,3,Closest quick hike to Surabaya/Sidoarjo; beginner-friendly; pleasant meadow summit,Medium,Day pack; 1L water; comfortable shoes,1.5,Unknown,Minor slips,Unknown,Low,2024
ranti,Ranti,East Java,Bondowoso / Banyuwangi,2664,Via Ijen/Paltuding area,From Bondowoso via Sempol; access from Ijen area,Unknown,Unknown,Unknown,Unknown,Unknown,Unknown,Unknown,Unknown,Unknown,Unknown,Unknown,Forest; volcanic terrain,Intermediate,Medium,Part of Ijen volcanic complex; limited trail information; dense forest,Unknown,260,5-6,Car/motorbike,Unknown — coordinate with local guides,Unknown,open,Unknown,Unknown,Unknown,None,Unknown,None,Unknown,Very limited documentation; rarely climbed,Unknown,Low,Baseline survey needed; Ijen complex integrated conservation planning,May-October,Unknown,Part of Ijen volcanic complex; remote and rarely visited; for peak-baggers and explorers,Low,Full overnight kit; GPS device; local guide strongly recommended,4,BASARNAS Bondowoso,Lost trail,Unknown,Low,2024
merapi-ungup,Merapi (Ijen Complex),East Java,Bondowoso,2800,Via Sempol / Paltuding,From Bondowoso via Sempol; or from Ijen Paltuding area,Unknown,Unknown,Unknown,Unknown,Unknown,Unknown,Unknown,Unknown,Unknown,Unknown,Unknown,Volcanic terrain; forest,Advanced,High,Active volcanic complex; sulfur gas; poorly documented trail; isolation,Volcanic gas zones; unstable terrain,260,5-6,Car/motorbike to Sempol area,Unknown — local guide mandatory,Unknown,open,Unknown,Unknown,Unknown,None,Unknown,None,Unknown,Volcanic gas exposure risk; no established trail documentation,Unknown,Low,Volcanic monitoring integration; Ijen complex conservation planning,May-September,Unknown,Part of Ijen caldera system; extreme adventure for experienced mountaineers; virtually unvisited,Low,Full expedition kit; gas mask; GPS; local guide mandatory,4-5,BASARNAS Bondowoso,Gas inhalation; lost trail,Unknown,Low,2024
lawu,Lawu,East Java / Central Java border,Magetan (East Java) / Karanganyar (Central Java),3265,Cemoro Sewu (East Java side) / Cemoro Kandang (Central Java side) / Candi Cetho,"Cemoro Sewu: from Magetan via Sarangan (1h to basecamp, well-paved); Cemoro Kandang: from Solo/Karanganyar (2h)",Unknown,Unknown,Unknown,Unknown,~7 (via Cemoro Sewu),~14,6-8,4-5,5 (via Cemoro Sewu),Cemoro Sewu>Pos 1: ~1.5km/1h; Pos 1>Pos 2: ~1.5km/1h; Pos 2>Pos 3: ~1km/1h; Pos 3>Pos 4 (Sendang Drajat): ~1km/1h; Pos 4>Summit (Hargo Dumilah): ~2km/2h,Cemoro Sewu(~1800m)>Summit(3265m): ~1465m total,Pine forest (lower); mixed tropical forest; stone steps (upper sections); spiritual shrines along trail,Intermediate,Medium,Cold (-5°C at summit); altitude sickness; steep stone steps; dense fog; crowded on spiritual holidays (Suro night),"Stone stair sections above Pos 3: extremely steep, slippery when wet; summit area: exposed to wind",200,4-5,Car to Cemoro Sewu (well-paved road); parking available,"Basecamp registration (offline, 24/7)",Yes (Perhutani),open,15000 (2024 estimate),"Sendang Drajat spring (Pos 4, spiritual water source); carry water regardless","Pos 3 area; near Sendang Drajat; summit area (limited, cold)",Shelter huts at some pos,Telkomsel intermittent up to Pos 3; none above,Cemoro Sewu has warungs and toilet; Pos 1 toilet,Moderate,"Spiritual offering waste (incense, flowers, food) at summit shrines; trash from heavy visitor traffic; trail erosion on stone steps",Yes — Perhutani pine reforestation at lower elevations,High,Spiritual waste management (offering recycling); stone step maintenance; edelweiss protection; pine forest fire prevention,Year-round (busiest: Suro night/1 Muharram; quietest: weekday dry season),5,Sacred Javanese mountain; spiritual pilgrimage site; sunrise with sea of clouds; multiple Hindu-Javanese shrines; Sendang Drajat spiritual spring,High,3-season tent; 0°C sleeping bag; trekking poles; warm layers; headlamp; rain gear,3,SAR Cemoro Sewu basecamp post,Hypothermia; slips on wet stone steps; altitude sickness; exhaustion,Yes,High,2024
merbabu,Merbabu,Central Java,Magelang / Boyolali / Salatiga,3145,Selo / Thekelan / Cuntel / Suwanting / Wekas,Selo: from Boyolali/Magelang via Selo pass (between Merapi-Merbabu); Wekas: from Salatiga,Unknown,Unknown,Unknown,Unknown,~9 (via Selo),~18,7-9,5-6,5 (via Selo),Selo>Pos 1 (New Selo): ~2km/1h; Pos 1>Pos 2: ~1.5km/1h; Pos 2>Pos 3 (Sabana 1): ~2km/1.5h; Pos 3>Sabana 2: ~1.5km/1h; Sabana 2>Summit: ~2km/1.5h,Selo(~1600m)>Summit(3145m): ~1545m total,Pine forest (lower); savanna grassland (middle); alpine rocky terrain (upper),Intermediate,Medium,Cold (-5°C at summit); wind exposure on savanna; grassland fires in dry season; fog/low visibility; altitude sickness,Savanna section: fully exposed to wind/sun/storms; summit push: steep and rocky,350,7-8,Car to Selo; or train to Solo + car,Online via SIMAKSI (tfrmbg.org); quota limited,Yes (TN Gunung Merbabu),open,"20000 weekday / 30000 weekend (domestic, 2024 estimate)",Springs near Pos 1-2; none on savanna; carry 3L+,Sabana 1 (capacity 50+ tents); Sabana 2 (smaller); summit area (exposed),Shelter at some pos stations,Telkomsel intermittent up to Pos 2; none on savanna,Selo basecamp has warung/toilet; composting toilet at Sabana 1,Moderate,Savanna fires (major risk); trash at camping areas; trail erosion,Yes — TN Merbabu reforestation and fire prevention program,High,Fire prevention and rapid response; savanna ecosystem education; pack-in-pack-out enforcement; camping area waste management,May-October (fire season: Aug-Oct — be cautious),5,Stunning savanna landscape at 2700m+; face-to-face view of Merapi; multiple routes with distinct landscapes; one of Java's most photogenic mountains,High,3-season tent; 0°C sleeping bag; trekking poles; windproof jacket; rain gear; 3L water,3-4,TN Merbabu ranger post; BASARNAS Boyolali,Hypothermia; dehydration on savanna; lightning strikes; grassland fire exposure,Yes,High,2024
merapi,Merapi,Central Java / Yogyakarta,Sleman (Yogyakarta) / Magelang,2930,New Selo (North) / Balerante / Kinahrejo (South),New Selo: from Boyolali (1h); Kinahrejo: from Yogyakarta (1.5h),Unknown,Unknown,Unknown,Unknown,~6 (via New Selo),~12,5-7,3-5,3 (Pasar Bubrah typical turnaround),New Selo>Pos 1: ~2km/1.5h; Pos 1>Pos 2 (Pasar Bubrah): ~2km/1.5h; Pasar Bubrah>New summit area: ~2km/2h,New Selo(~1600m)>Pasar Bubrah(~2600m): ~1000m; Pasar Bubrah>Summit(~2930m): ~330m,Volcanic rock and sand; lava flow fields; minimal vegetation on upper slopes,Advanced,High,Most active volcano in Indonesia; pyroclastic flows; volcanic bombs; toxic gas; unstable new lava formations; summit shape changes after every eruption,Above Pasar Bubrah: active zone. Summit area is NOT guaranteed accessible — closures based on BPPTKG status.,350,7-8,Car to New Selo; or train to Yogyakarta + car,Basecamp registration; mandatory BPPTKG activity level check; guide required above Pasar Bubrah,Yes (TNGM — Taman Nasional Gunung Merapi); closures during elevated alert,conditional,Unknown (varies with status),None on trail — volcanic terrain; carry all water,Pasar Bubrah (common staging area); camping NOT recommended above,Bunkers along evacuation routes (lower slopes),Intermittent at lower slopes; none above Pos 2,New Selo basecamp only,Recovering (post-2010 eruption regrowth),Volcanic hazard management; illegal summit attempts during closures; rapidly changing terrain,Yes — TNGM post-eruption reforestation; community replanting programs,High,Post-eruption ecosystem recovery monitoring; community disaster preparedness; reforestation of blast zones; volcano education center support,May-October (check BPPTKG status: Level I/Normal only),4,Indonesia's most active volcano; dramatic post-eruption landscape; living geology lesson; cultural significance (Javanese cosmology); view of 2010 devastation zone,High,Helmet; gas mask; sturdy boots; headlamp; warm jacket; check BPPTKG status before departure,3,BPPTKG monitoring center; BASARNAS Yogyakarta; TNGM post,Volcanic gas inhalation; rockfall; falls on loose volcanic rock; hypothermia; burns from hot ground near fumaroles,Yes,High,2024
sumbing,Sumbing,Central Java,Magelang / Wonosobo / Temanggung,3371,Garung (Wonosobo) / Cepit (Magelang) / Bowongso,Garung: from Wonosobo (1h); Cepit: from Magelang (2h),Unknown,Unknown,Unknown,Unknown,~8 (via Garung),~16,8-10,5-7,4,Basecamp>Pos 1: ~2km/1.5h; Pos 1>Pos 2 (sabana): ~2km/2h; Pos 2>Pos 3: ~2km/2h; Pos 3>Summit: ~2km/2.5h,Garung(~1400m)>Summit(3371m): ~1970m total,Tobacco/vegetable farms (lower); forest; open ridge; steep scramble near summit,Advanced,Medium,Very steep final ascent; cold (-5°C); wind exposure; fog and low visibility; long ascent with significant elevation gain,"Summit push from Pos 3: very steep, loose soil and rock; exposed to weather",400,8-9,Car; or train to Semarang/Yogyakarta + car,Basecamp registration (offline),Yes (Perhutani),open,"10000-15000 (estimate, 2024)",Springs near Pos 1; unreliable above Pos 2,Sabana area (Pos 2); Pos 3 area,None,Intermittent at lower pos; none above Pos 2,Basecamp only,Moderate,Agricultural encroachment (tobacco farming advancing uphill); trail erosion; trash at camping areas,Unknown,High,Agricultural boundary enforcement; reforestation of encroached areas; sustainable farming partnership with local communities,May-October,5,Second tallest non-volcanic peak complex in Central Java; face-to-face with Sindoro; tobacco farm landscape; one of Java's toughest summit pushes,Medium,3-season tent; -5°C sleeping bag; trekking poles; windproof layers; gloves; headlamp,3-4,BASARNAS Magelang/Wonosobo,Falls on steep summit section; hypothermia; exhaustion from elevation gain,Unknown,Medium,2024
sindoro,Sindoro,Central Java,Temanggung / Wonosobo,3153,Kledung Pass / Tambi Tea Plantation / Sigedang,Kledung: from Temanggung via Kledung pass (1.5h); Tambi: from Wonosobo (1h),Unknown,Unknown,Unknown,Unknown,~7 (via Kledung),~14,7-9,4-6,4,Kledung>Pos 1: ~2km/1.5h; Pos 1>Pos 2: ~2km/1.5h; Pos 2>Pos 3: ~1.5km/1.5h; Pos 3>Summit: ~1.5km/2h,Kledung(~1400m)>Summit(3153m): ~1750m total,Tea plantation (lower); forest; sandy volcanic terrain (upper); exposed summit,Advanced,Medium,"Steep sandy terrain near summit (2 steps forward, 1 step back); cold; wind; fog",Sandy upper section: exhausting and slippery; summit: exposed to extreme wind,420,8-9,Car; or train to Semarang + car,Basecamp registration (offline),Yes (Perhutani),open,10000-15000 (estimate),Springs at lower pos; carry all water for upper sections,Pos 2-3 area; summit is too exposed,None,Intermittent at lower elevation; none above Pos 2,Kledung basecamp area; none on trail,Moderate,Sandy trail erosion; agricultural expansion; wind-damaged vegetation,Unknown,Medium,Sandy trail stabilization; forest corridor protection between Sindoro-Sumbing,May-October,4,Twin with Sumbing across Kledung pass; tea plantation scenery; challenging sandy summit approach; panoramic Central Java view,Medium,3-season tent; 0°C sleeping bag; trekking poles; windproof jacket; gaiters (sand); headlamp,3-4,BASARNAS Temanggung,Falls on sandy slope; exhaustion; hypothermia,Unknown,Medium,2024
slamet,Slamet,Central Java,Purbalingga / Pemalang / Tegal / Banyumas,3428,Bambangan (Purbalingga) / Guci (Tegal) / Kaliwadas (Banyumas),Bambangan: from Purbalingga (2h drive + ojek); Guci: from Tegal (1.5h),Unknown,Unknown,Unknown,Unknown,~14 (via Bambangan),~28,10-14 (2 days recommended),7-10,5,Bambangan>Pos 1: ~3km/1.5h; Pos 1>Pos 2: ~2.5km/2h; Pos 2>Pos 3: ~3km/2.5h; Pos 3>Pos 4 (Samarantu): ~2.5km/2h; Pos 4>Summit: ~3km/3h,Bambangan(~1200m)>Summit(3428m): ~2228m total,Dense tropical forest (lower); alpine forest; volcanic sand and rock (upper); crater area,Advanced,High,Active volcano (occasional phreatic eruptions); altitude sickness; extreme cold; long exposed summit area; toxic gas near crater; volcanic bombs,Above Pos 4 (Samarantu): active volcanic zone; gas pockets near crater; loose rocky terrain,450,9-10,Car; or train to Purwokerto + car,Basecamp registration; check PVMBG status,Conditional — closures during elevated alert; Perhutani permit,conditional,Unknown,Springs at Pos 1-2; Samarantu spring (Pos 4); none above,Pos 2-3; Samarantu (Pos 4),None,Intermittent at lower pos; none above Pos 3,Bambangan basecamp only,"Good (remote, limited human impact)",Volcanic hazard management; illegal wood collection; trail damage from eruptions,Unknown,High,Volcano monitoring support; forest protection; community disaster preparedness; endemic species survey (high biodiversity),May-October (check PVMBG: Level I only),4,Tallest mountain in Central Java; isolated and remote feel; pristine forest ecosystem; 4 major access routes; active crater experience,Low,4-season tent; -5°C sleeping bag; gas mask; trekking poles; 2 days food; rain gear; headlamp,4-5,PVMBG Slamet observation post; BASARNAS Purbalingga,Altitude sickness; hypothermia; gas inhalation; falls on volcanic terrain; exhaustion,Unknown,Medium,2024
prau,Prau,Central Java,Wonosobo / Batang,2590,Dieng (Patak Banteng) / Kali Lembu / Igirmranak,Patak Banteng: from Wonosobo via Dieng plateau (1.5h); well-paved road,Unknown,Unknown,Unknown,Unknown,~5 (via Patak Banteng),~10,3-4,2-3,3,Patak Banteng>Pos 1: ~1.5km/1h; Pos 1>Pos 2: ~1.5km/1h; Pos 2>Summit: ~2km/1.5h,Patak Banteng(~1800m)>Summit(2590m): ~790m total,Potato/vegetable farms (lower); open grassland; flat summit meadow,Beginner,Low,Cold at night (can reach 0°C); wind exposure on open meadow; fog; sun exposure,None significant — gentle terrain,430,8-9,Car to Wonosobo; angkot/ojek to Dieng; or car all the way,Gate registration at Patak Banteng (offline),No (entry fee at gate),open,"15000-20000 (estimate, 2024)",Carry your own; purchase in Dieng before hiking,Summit meadow (very popular; capacity 100+ tents),None,Telkomsel available throughout (close to Dieng area),Dieng village; warung near basecamp,Moderate,Overcrowding on weekends/holidays; trash at summit camping area; human waste problem; agricultural chemical runoff from farms below,Unknown,High,Summit waste management; portable toilet initiative; visitor quota system; farmland-forest buffer restoration,Year-round (best May-October; popular for New Year sunrise),5,Best sunrise spot in Central Java (golden hour over sea of clouds); flat summit meadow perfect for camping; Dieng Plateau cultural complex nearby; beginner-friendly,High,Tent; 0°C sleeping bag; warm jacket; headlamp; mat; 2L water,2,Unknown,Hypothermia (underestimating cold); minor slips,Yes,High,2024
ungaran,Ungaran,Central Java,Semarang,2050,Basecamp Mawar / Medini / Promasan,From Semarang via Bandungan (1h); well-paved road,Unknown,Unknown,Unknown,Unknown,~4,~8,3-4,2-3,3,Basecamp>Pos 1: ~1.5km/1h; Pos 1>Pos 2: ~1.5km/1h; Pos 2>Summit: ~1km/1h,Basecamp(~1100m)>Summit(2050m): ~950m total,Pine plantation; mixed forest; some rocky sections,Beginner,Low,Slippery in wet season; fog at summit; some steep sections,None significant,350,6-7,Car/motorbike from Semarang,Basecamp registration (offline),No (entry fee at gate),open,5000-10000 (estimate),Springs at lower elevations; carry your own,Pos 2 area; summit clearing,None,Good (close to Semarang),Basecamp has warung,Moderate,Trash from weekend visitors; pine plantation monoculture (limited biodiversity),Unknown,Medium,Biodiversity restoration (native species planting); trail cleanup program; watershed protection,Year-round,3,Closest mountain to Semarang; beginner-friendly; pleasant pine forest atmosphere; accessible for day trip,Medium,Day pack; 1.5L water; comfortable shoes; rain jacket,1.5,Unknown,Minor slips; dehydration,Unknown,Medium,2024
andong,Andong,Central Java,Magelang / Salatiga,1726,Basecamp Pendem / Sawit,From Magelang via Grabag (1h); or from Ambarawa (45 min),Unknown,Unknown,Unknown,Unknown,~3.5,~7,2-3,1.5-2,3,Basecamp>Pos 1: ~1km/40min; Pos 1>Pos 2: ~1.2km/45min; Pos 2>Summit: ~1.3km/50min,Basecamp(~900m)>Summit(1726m): ~826m total,Pine forest; open grassland near summit,Beginner,Low,Slippery when wet; sun exposure on upper section; crowded weekends,None significant,370,7-8,Car/motorbike,Basecamp registration (offline),No (entry fee at gate),open,10000 (estimate),Carry your own,Summit area (open meadow),None,Good coverage,Basecamp warung; none on trail,Moderate,Overcrowding on weekends; trash at summit,Unknown,Medium,Waste management at summit; visitor education; grassland fire prevention,Year-round,4,"360° panorama of Merbabu, Merapi, Sumbing, Sindoro, Telomoyo from summit; very beginner-friendly; popular sunrise spot",High,Day pack; 1L water; comfortable shoes,1.5,Unknown,Minor slips; dehydration,Unknown,Medium,2024
telomoyo,Telomoyo,Central Java,Semarang / Ambarawa,1894,Basecamp Ngablak / Mendut,From Ambarawa via Ngablak (45 min); from Semarang (1.5h),Unknown,Unknown,Unknown,Unknown,~4,~8,2.5-3.5,1.5-2.5,3,Unknown,Unknown,Pine forest; open grassland,Beginner,Low,Slippery when wet; wind at summit,None significant,370,7-8,Car/motorbike,Basecamp registration (offline),No (entry fee at gate),open,5000-10000 (estimate),Carry your own,Near summit area,None,Good (close to Ambarawa),Basecamp area,Moderate,Trash from weekend visitors,Unknown,Low,Waste management; pine forest maintenance,Year-round,3,Central location between 5 major mountains; quiet alternative to Andong; easy access from Semarang,Low,Day pack; 1L water; comfortable shoes,1.5,Unknown,Minor slips,Unknown,Low,2024
sikunir,Sikunir (Dieng),Central Java,Wonosobo / Banjarnegara,2263,Sembungan Village (highest village in Java),From Wonosobo via Dieng plateau (1.5h); paved road to Sembungan,Unknown,Unknown,Unknown,Unknown,~1.5,~3,0.5-1,0.5,1,Sembungan>Summit viewpoint: ~1.5km/30-60min,Sembungan(~2100m)>Summit(2263m): ~163m,Farm path; open hillside; established viewpoint,Beginner,Low,Cold pre-dawn (0-5°C); slippery farm path; minimal lighting on pre-dawn approach,None significant,430,8-9,Car to Dieng/Sembungan,Gate at Sembungan village,No (entry fee at village gate),open,"10000-15000 (estimate, 2024)",Sembungan village; carry for the short hike,Not applicable (very short hike; stay in Dieng homestays),Sembungan village,Good (Dieng area),Sembungan village; warung at trailhead,Moderate,Overcrowding at sunrise; trash left at viewpoint; agricultural chemical use in surrounding potato farms,Unknown,Medium,Viewpoint waste management; sustainable agriculture promotion; Sembungan village community development,Year-round (arrive 4:30am for sunrise; clearest May-October),5,Called 'Negeri di Atas Awan' (Land Above the Clouds); arguably Java's best golden sunrise viewpoint; Sembungan is Java's highest village; combine with Dieng cultural tour,High,Warm jacket; headlamp; comfortable shoes; camera,0.5,Unknown,Slips on wet farm path; cold exposure (tourists underdressed),Yes,High,2024
gede,Gede,West Java,Cianjur / Bogor,2958,Cibodas Botanical Garden / Gunung Putri / Selabintana,Cibodas: from Bogor via Puncak (2h); from Jakarta (3-4h); well-paved,Unknown,Unknown,Unknown,Unknown,~9 (via Cibodas),~18,7-9,5-6,4 (via Cibodas),Cibodas>Air Terjun Cibeureum: ~2km/1h; Cibeureum>Kandang Badak: ~3km/2.5h; Kandang Badak>Surya Kencana: ~1.5km/1h; Surya Kencana>Summit: ~2.5km/2.5h,Cibodas(~1400m)>Summit(2958m): ~1558m total,Tropical rainforest; alpine edelweiss meadow (Surya Kencana); volcanic crater; hot springs,Intermediate,Medium,Cold at summit; fog; slippery trail in wet season; volcanic gas at crater; crowded on weekends — queue at summit,Volcanic crater area: sulfur gas pockets; Surya Kencana: protected edelweiss — do not pick,800,12+ (fly to Jakarta recommended),Car from Jakarta/Bogor; public angkot to Cibodas,Online via SIMAKSI (gedepangrango.org); quota limited (300/day),Yes (TN Gunung Gede Pangrango),open,"22000 weekday / 32000 weekend (domestic, 2024)",Springs along trail (Cibodas route well-watered); hot spring near Kandang Badak,Kandang Badak (popular); Surya Kencana meadow (permitted area only); Alun-alun Suryakencana,Shelter at Kandang Badak,Telkomsel at lower trail; none above Kandang Badak,Cibodas entrance has warung/toilet; composting toilet at Kandang Badak,Good (well-managed national park),Overcrowding (quota system helps); trail erosion on popular routes; litter despite park management,Yes — TN Gede Pangrango active conservation and research programs,High,Support park ranger programs; edelweiss habitat protection; trail maintenance volunteer program; biodiversity research funding,May-October (dry season; permits fill fast on holidays),4,Most accessible alpine experience from Jakarta; Surya Kencana edelweiss meadow; hot springs on trail; rich biodiversity (UNESCO Biosphere Reserve); combine with Pangrango traverse,High,3-season tent; sleeping bag; rain gear; trekking poles; headlamp,3,TN Gede Pangrango ranger post; BASARNAS Cianjur,Slips on wet trail; hypothermia; altitude sickness; gas inhalation at crater,Yes,High,2024
pangrango,Pangrango,West Java,Cianjur / Bogor,3019,Via Cibodas (same as Gede) / Selabintana (Sukabumi),Cibodas: from Bogor via Puncak (2h); traverse from Gede summit,Unknown,Unknown,Unknown,Unknown,~12 (via Cibodas + Gede summit traverse),~24 (full traverse),10-12 (Gede-Pangrango traverse),7-9,Gede pos + 2-3 pos to Pangrango from saddle,Gede Summit>Saddle>Pangrango Summit: ~3km/2-3h from Gede summit,Gede(2958m)>Saddle(~2700m)>Pangrango(3019m): -258m then +319m,Alpine ridge; dense moss forest; cloud forest,Intermediate,Medium,Dense fog on ridge (disorientation); wet slippery trail; cold; isolation once past Gede,"Saddle between Gede-Pangrango: easy to lose trail in fog; Pangrango summit area: thick moss forest, poor visibility",800,12+ (fly to Jakarta),Same as Gede — car from Jakarta/Bogor,Online via SIMAKSI (gedepangrango.org); same park as Gede,Yes (TN Gunung Gede Pangrango),open,Same as Gede (included in park ticket),Limited between Gede and Pangrango; carry from Kandang Badak,Saddle area between peaks (limited space),None between the peaks,None on the traverse,None between the peaks,Good (less visited than Gede side),Trail markers overgrown; limited documentation for Pangrango-specific section,Yes — part of TN Gede Pangrango conservation area,Medium,Trail marking improvement; moss forest research; cloud forest ecosystem protection,May-October,3,Higher than Gede but far less visited; pristine cloud/moss forest; true wilderness feel within 3h of Jakarta; combined Gede-Pangrango traverse is a classic multi-peak challenge,Low,Same as Gede plus GPS device; extra water; rain gear essential (cloud forest is perpetually wet),3-4,TN Gede Pangrango ranger post,Lost trail in fog; slips on wet moss; hypothermia,Unknown,Medium,2024
ciremai,Ciremai,West Java,Kuningan / Majalengka,3078,Palutungan (Kuningan) / Apuy (Majalengka) / Linggarjati,Palutungan: from Kuningan (1h); from Cirebon (2h),Unknown,Unknown,Unknown,Unknown,~9 (via Palutungan),~18,8-10,5-7,5,Palutungan>Pos 1: ~2km/1.5h; Pos 1>Pos 2: ~2km/1.5h; Pos 2>Pos 3: ~1.5km/1.5h; Pos 3>Pos 4: ~1.5km/1.5h; Pos 4>Summit: ~2km/2h,Palutungan(~1100m)>Summit(3078m): ~1978m total,Dense tropical forest; steep continuous ascent; crater rim,Advanced,Medium,Relentless elevation gain (monotonous steep ascent); cold; fog; dehydration; altitude sickness,Upper sections above Pos 4: steep and exposed; crater rim,500,9-10,Car to Kuningan; or train to Cirebon + car,Online via TN Gunung Ciremai; quota system,Yes (TN Gunung Ciremai),open,"18000 weekday / 28000 weekend (estimate, 2024)",Springs at Pos 1-2; carry all water above Pos 3,Pos 3-4; crater rim area,None,Intermittent at lower pos; none above Pos 3,Palutungan entrance; none on trail,"Good (national park, well-managed)",Trail erosion from heavy rain; trash at camping areas; altitude-related incidents,Yes — TN Ciremai conservation program,High,Trail erosion control; water source protection; endemic species conservation; community buffer zone management,May-October,4,Tallest mountain in West Java; conical stratovolcano shape visible from distance; manageable from Cirebon; Linggarjati historical site at base,Medium,3-season tent; 0°C sleeping bag; trekking poles; rain gear; 3L+ water; headlamp,4,TN Ciremai ranger post; BASARNAS Kuningan,Altitude sickness; dehydration; exhaustion; slips,Unknown,Medium,2024
papandayan,Papandayan,West Java,Garut,2665,Basecamp Papandayan (Camp David),From Garut (1h); from Bandung (3h); paved road to basecamp,Unknown,Unknown,Unknown,Unknown,~5,~10,3-4,2-3,3,Basecamp>Crater area (Hutan Mati): ~2km/1h; Crater>Pondok Salada: ~1.5km/1h; Pondok Salada>Summit: ~1.5km/1.5h,Basecamp(~1800m)>Summit(2665m): ~865m total,Dead forest (Hutan Mati); active fumarole field; grassland (Tegal Alun); volcanic terrain,Beginner,Medium,Active sulfur fumaroles (toxic gas); dead forest area (eerie but paths are clear); volcanic terrain can be unstable; cold at summit camp,Fumarole field (Kawah Papandayan): do not leave marked path; toxic gas concentration varies with wind,600,10+ (fly to Bandung recommended),Car from Garut or Bandung,Gate registration (offline),Yes (managed entry),open,"20000 (estimate, 2024)",Carry your own; purchase at basecamp,Pondok Salada (popular); Tegal Alun meadow (top camping spot),Shelter near fumarole area,Good at lower areas; intermittent near summit,Basecamp has warung and toilet; basic toilet near Pondok Salada,Moderate,Volcanic gas management; overcrowding at Tegal Alun on holidays; trash at camping areas,Natural regrowth monitoring post-eruption areas,High,Fumarole area safety infrastructure; Tegal Alun grassland protection; dead forest ecosystem education; camping waste management,Year-round (best May-October),4,Surreal dead forest landscape; active sulfur fumaroles; Tegal Alun edelweiss meadow for camping; one of the most photogenic mountains in West Java; beginner-accessible volcanic experience,High,Tent; sleeping bag; warm jacket; mask/bandana (fumarole area); comfortable shoes,2-3,Papandayan ranger post; BASARNAS Garut,Gas inhalation near fumaroles; slips on wet volcanic terrain; cold exposure,Yes,High,2024
salak,Salak,West Java,Bogor,2211,Cidahu / Cimelati / Curug Nangka,Cidahu: from Bogor via Sukabumi road (1.5h); Curug Nangka: from Bogor (1h),Unknown,Unknown,Unknown,Unknown,~7 (varies by route),~14,6-8,4-6,3-4,Unknown — multiple routes with varying conditions,Unknown,Dense primary rainforest; steep ravines; river crossings; rocky terrain,Intermediate,High,Dense forest with many trail bifurcations (NOTORIOUS for lost hikers); steep terrain; flash floods in ravines; limited GPS signal under canopy; multiple fatalities from disorientation,Entire trail: one of Java's most confusing trail systems; multiple unmarked forks; MANY search-and-rescue operations annually,850,12+ (fly to Jakarta),Car from Bogor/Jakarta,Basecamp registration; guide strongly recommended,Yes (Perhutani / Halimun-Salak national park),open,Unknown,Rivers and streams throughout (treat before drinking),Limited flat ground; some clearings at pos stations,None,Very limited — dense canopy blocks signal,Basecamp area only,Good (dense primary forest; high biodiversity),Frequent lost hiker incidents; trail markers easily missed; encroachment at forest edges,Yes — TN Gunung Halimun Salak conservation area,High,Trail marking and navigation improvement; SAR capacity building; forest edge protection; biodiversity research; community guide training program,May-September (avoid heavy rain — flash flood risk),2,Dense primary rainforest experience close to Jakarta; challenging navigation makes it a 'real' wilderness hike; high biodiversity; part of UNESCO biosphere reserve,Low,GPS device (mandatory); trekking poles; rain gear; machete; headlamp; whistle; bright-colored clothing for SAR visibility,3-4,BASARNAS Bogor; TN Halimun-Salak post,Lost/disorientation (primary risk); falls on steep terrain; flash flood exposure; dehydration,Unknown,Medium,2024
cikuray,Cikuray,West Java,Garut,2821,Basecamp Cikajang / Pemancar,From Garut via Cikajang (1.5h); from Bandung (3.5h),Unknown,Unknown,Unknown,Unknown,~7,~14,6-8,4-5,4,Unknown,Unknown,Tea plantation (lower); forest; open grassland near summit,Intermediate,Medium,Cold at summit; fog; steep sections; some trail erosion,Upper forest section: slippery and steep,600,10+,Car from Garut or Bandung,Basecamp registration (offline),Yes (Perhutani),open,Unknown,Springs at lower pos; carry water for upper sections,Pos 3-4 area; summit area (limited),None,Intermittent,Basecamp area,Moderate,Trail erosion; trash; tea plantation chemical runoff,Unknown,Medium,Trail erosion control; tea plantation-forest buffer; waste management,May-October,4,Panoramic view of multiple West Java peaks; tea plantation landscape at start; challenging but rewarding intermediate climb,Medium,3-season tent; sleeping bag; trekking poles; rain gear; headlamp,3,BASARNAS Garut,Slips; hypothermia; exhaustion,Unknown,Low,2024
guntur,Guntur,West Java,Garut,2249,Citiis / Cipanas area,From Garut via Cipanas hot springs area (30 min),Unknown,Unknown,Unknown,Unknown,~5,~10,4-6,3-4,3,Unknown,Unknown,Forest; volcanic terrain; crater area,Intermediate,Medium,Active volcanic complex; sulfur gas; loose volcanic terrain; occasional phreatic eruptions,Crater area: volcanic gas; unstable terrain,580,10+,Car from Garut or Bandung,Unknown — check volcanic status first,Conditional — closures during elevated alert,conditional,Unknown,Carry your own,Unknown,None,Unknown,Cipanas area,Unknown,Volcanic hazard; limited documentation for hiking routes,Unknown,Low,Volcanic monitoring support; community disaster preparedness,Check PVMBG status; May-October if open,Unknown,Part of Garut volcanic complex with hot springs; combine with Cipanas thermal tourism; active volcanic landscape,Low,Gas mask; sturdy boots; check PVMBG alert level; headlamp,3,PVMBG Guntur monitoring post; BASARNAS Garut,Gas inhalation; falls on volcanic terrain,Unknown,Low,2024
burangrang,Burangrang,West Java,Bandung Barat / Lembang,2064,Legok Haji / Cikahuripan,From Bandung via Lembang (1h),Unknown,Unknown,Unknown,Unknown,~5,~10,4-5,3-4,3,Unknown,Unknown,Pine forest; some rocky sections,Intermediate,Low,Slippery trail; dense fog; some steep sections,None significant,700,10+ (fly to Bandung),Car from Bandung/Lembang,Basecamp registration (offline),Yes (Perhutani),open,Unknown,Carry your own,Near summit area,None,Good (close to Lembang/Bandung),Basecamp area,Moderate,Trash from weekend visitors; trail erosion,Unknown,Low,Trail maintenance; waste management,Year-round,3,Part of Tangkuban Perahu volcanic complex; view of Bandung basin; accessible day hike from Bandung,Medium,Day pack; 1.5L water; comfortable shoes; rain jacket,2,Unknown,Minor slips,Unknown,Low,2024
kerinci,Kerinci,Jambi / West Sumatra,Sungai Penuh / Kersik Tuo,3805,Kersik Tuo village,Fly to Jambi then 8h drive; or fly to Padang then 7h drive; to Kersik Tuo village (road access good),Unknown,Unknown,Unknown,Unknown,~11,~22,10-14 (2-3 days recommended),7-9,"3 (Shelter 1, 2, 3)",Kersik Tuo>Shelter 1: ~3.5km/2.5h; Shelter 1>Shelter 2: ~3km/2.5h; Shelter 2>Shelter 3: ~2.5km/2.5h; Shelter 3>Summit: ~2km/3h,Kersik Tuo(~1500m)>Summit(3805m): ~2305m total,Dense tropical rainforest; cloud forest; alpine scrub; volcanic sand/scree near summit,Advanced,High,Highest volcano in Sumatra (altitude sickness); active volcanic activity; extreme cold at summit (-10°C possible); dense forest (lost trail risk); leeches in lower forest; tiger territory (TN Kerinci Seblat),Summit push from Shelter 3: steep volcanic sand; volcanic gas at summit crater,1200+ (fly recommended),Fly: 3-4h; then 7-8h drive,Fly to Jambi/Padang; rent car to Kersik Tuo; local guide recommended,TN Kerinci Seblat registration; hire local guide (recommended),Yes (TN Kerinci Seblat),open,Unknown,Stream near Shelter 1; carry all water above,Shelter 1 (basic hut); Shelter 2; Shelter 3 (last camp before summit push),Basic shelters at each camp (huts),None on trail,Kersik Tuo village only,"Good (remote, protected national park — UNESCO World Heritage)",Illegal encroachment at forest edges; human-wildlife conflict (Sumatran tiger territory); limited trail maintenance,Yes — TN Kerinci Seblat conservation (UNESCO World Heritage site),High,Sumatran tiger corridor protection; anti-encroachment; local guide program development; trail maintenance; leech-proof trail improvement,June-September (driest; avoid Dec-Feb monsoon),5,Highest peak in Sumatra; highest volcano in Indonesia outside Papua; UNESCO World Heritage forest; Sumatran tiger habitat; remote expedition-grade experience,Low,4-season tent; -10°C sleeping bag; gaiters (leeches); trekking poles; 3 days food; rain gear; GPS device; local guide,5-6,TN Kerinci Seblat office; BASARNAS Jambi,Altitude sickness; hypothermia; lost trail; leech bites (not dangerous but uncomfortable); falls on summit scree,Unknown,Medium,2024
sibayak,Sibayak,North Sumatra,Berastagi / Medan,2212,Semangat Gunung village / Tourism gate (Jalan Gunung Sibayak),From Berastagi (15 min drive); from Medan (2h),Unknown,Unknown,Unknown,Unknown,~4 (via tourism gate),~8,2-3,1.5-2,2-3,Gate>Forest section: ~2km/1h; Forest>Crater area: ~1km/1h; Crater>Summit: ~1km/30min,Tourism gate(~1600m)>Summit(2212m): ~612m total,Forest trail with stairs; sulfur fumarole crater; open terrain near summit,Beginner,Medium,Sulfur gas at crater (toxic); slippery trail (perpetually wet climate); fog; cold and windy summit,Crater area: sulfur gas concentration; do not enter fumarole holes; steam vents can be dangerously hot,2000+ (fly to Medan),Fly: 3h; then 2h drive to Berastagi,Fly to Medan; car/bus to Berastagi; ojek to trailhead,Gate registration,No (entry fee at gate),open,5000-20000 (estimate; domestic/foreign rates differ),Carry your own; purchase in Berastagi,Not typically an overnight hike (day trip); camping possible near crater,None,Good at lower trail; intermittent at summit,Gate area; hot springs at base,Moderate,Trash at crater area; unsafe exploration of fumaroles by tourists; trail deterioration,Unknown,Medium,Fumarole safety barriers; crater area waste management; trail step maintenance; visitor education,Year-round (driest: Jun-Sep; Karo highlands always cool),4,Most accessible active volcano hike in North Sumatra; dramatic sulfur crater; hot springs at base; pair with Sinabung viewing; Karo highlands culture,Medium,Comfortable shoes; warm jacket; mask/bandana for crater; headlamp if pre-dawn,1.5,BASARNAS Karo,Sulfur gas inhalation; slips on wet trail; burns from hot steam vents,Unknown,Medium,2024
sinabung,Sinabung,North Sumatra,Berastagi / Kabanjahe,2460,CLOSED — no official access,CLOSED TO HIKERS since 2010 eruption cycle; observation from surrounding villages only,Unknown,Unknown,Unknown,Unknown,N/A (closed),N/A (closed),N/A (closed),N/A (closed),N/A (closed),N/A — volcano actively erupting; exclusion zone in effect,N/A,N/A — volcanic exclusion zone,N/A (closed),Extreme,ACTIVE ERUPTION CYCLE since 2010; pyroclastic flows; lahars; volcanic bombs; ash falls; destroyed villages in exclusion zone; FATALITIES recorded,ENTIRE MOUNTAIN is a critical zone. Multiple eruptions 2010-2019. Exclusion zone enforced.,2000+ (fly to Medan),Fly: 3h; then 2h drive,Observation only from safe distance (Berastagi area),N/A — closed to hiking,N/A — access prohibited,closed,N/A,N/A,N/A,Evacuation shelters in surrounding villages,Good in surrounding areas,In surrounding villages,Devastated (active volcanic destruction; exclusion zone),Ongoing volcanic activity; displaced communities; agricultural land destruction; lahar flow management,N/A — ongoing volcanic destruction,High,Displaced community support; volcanic disaster education center; agricultural recovery for affected farmers; long-term monitoring support,N/A (closed to hiking; view from distance year-round),N/A (observation only),Powerful lesson in volcanic hazard; observation from Berastagi shows active eruption; ghost villages in exclusion zone; pair with Sibayak for contrast,N/A (closed),N/A — do not attempt to climb,N/A,PVMBG Sinabung monitoring post; BASARNAS Karo,FATALITIES from pyroclastic flows (illegal entry into exclusion zone); ash inhalation in surrounding areas,N/A,High (well-monitored by PVMBG),2024
dempo,Dempo,South Sumatra,Pagar Alam,3173,Basecamp Rimau / TVRI Relay Station,From Pagar Alam city (1h drive); from Palembang (8-9h drive); fly to Palembang or Bengkulu,Unknown,Unknown,Unknown,Unknown,~7,~14,6-8,4-6,3-4,Unknown — limited documentation,Unknown,Tea plantation (lower); forest; volcanic terrain; crater rim,Advanced,Medium,Active volcano; volcanic gas at crater; cold temperatures; limited rescue access; dense fog,Crater area: volcanic gas; unstable terrain,1500+ (fly recommended),Fly: 2h to Palembang; then 8-9h drive,Fly to Palembang; rent car to Pagar Alam,Local registration; hire guide in Pagar Alam,Unknown,open,Unknown,Unknown — carry all water,Near relay station; limited spots above,TVRI relay station area,Unknown above basecamp,Basecamp area only,Unknown,Remote access; limited documentation; volcanic hazard,Unknown,Medium,Trail documentation; volcanic monitoring support; tea plantation-forest interface management,May-September,Unknown,Tallest peak in South Sumatra; tea plantation landscape; remote expedition feel; crater lake; very few hikers,Low,3-season tent; sleeping bag; gas mask; trekking poles; rain gear; GPS device; local guide recommended,4,BASARNAS Pagar Alam,Unknown — limited incident reporting,Unknown,Low,2024
rinjani,Rinjani,West Nusa Tenggara (NTB),Mataram / Senaru / Sembalun (Lombok),3726,Senaru (North) / Sembalun Lawang (East),Senaru: from Mataram (3h drive); Sembalun: from Mataram (3.5h drive); Lombok airport to either: 2-3h,Unknown,Unknown,Unknown,Unknown,~16 (Sembalun to summit),~30+ (Sembalun-Summit-Senaru traverse),10-14 (2-3 days),6-10,"5 (Sembalun route: Pos 1, 2, 3, Pelawangan Sembalun, Summit)",Sembalun>Pos 1: ~3km/1.5h; Pos 1>Pos 2: ~3km/1.5h; Pos 2>Pos 3: ~3km/2h; Pos 3>Pelawangan Sembalun (crater rim): ~3km/2h; Pelawangan>Summit: ~4km/3h,Sembalun(1150m)>Pelawangan(2639m): +1489m; Pelawangan>Summit(3726m): +1087m,Savanna grassland (Sembalun start); tropical forest; crater rim; volcanic scree summit push,Advanced,High,Active volcano (child volcano Barujari inside crater erupts regularly); altitude sickness; extreme cold; steep scree summit push; dehydration; long exposed sections,Summit push from Pelawangan: very steep loose volcanic sand (3h for 1087m gain); Crater lake descent: steep and slippery,500+ (fly to Lombok),Fly: 1.5h; then 2-3h drive,Fly to Lombok; car to Sembalun or Senaru,Online via TN Gunung Rinjani; mandatory organized group with porter/guide,Yes (TN Gunung Rinjani); guide + porter mandatory,open,150000-350000 (varies domestic/foreign; guide/porter separate; 2024),Springs near Pos 1-2 (Sembalun); Segara Anak crater lake (descend to lake); carry 3L+ for summit day,"Pelawangan Sembalun (crater rim, most popular); Pelawangan Senaru; Segara Anak lake shore",Basic shelters at Pelawangan camps,Telkomsel at Sembalun start; none on mountain,Sembalun/Senaru basecamps; portable toilet provided by guide services,Moderate (high traffic but managed),Trash from trekking groups; trail erosion on summit scree; human waste management; porter welfare concerns,Yes — TN Rinjani conservation program active,High,Porter welfare program; pack-in-pack-out enforcement; human waste carry-out policy; summit scree trail stabilization; Segara Anak water quality monitoring; Barujari eruption monitoring,April-November (closed Dec-March for monsoon/safety),5,Second highest volcano in Indonesia; stunning Segara Anak crater lake; hot springs at lake shore; Barujari active child volcano inside crater; world-class multi-day trek; sacred to Sasak people,High,4-season tent; -5°C sleeping bag; trekking poles; gaiters; windproof jacket; headlamp; sunscreen; 3L water capacity (guide provides most gear),4-5,TN Rinjani ranger post; BASARNAS Lombok,Altitude sickness; falls on summit scree; hypothermia; dehydration; knee injuries on steep descent,Yes,High,2024
agung,Agung,Bali,Karangasem / Besakih,3031,Pura Besakih (South/West) / Pura Pasar Agung (East),Besakih: from Denpasar (2h); Pasar Agung: from Karangasem (1h); well-paved roads,Unknown,Unknown,Unknown,Unknown,~6 (via Pasar Agung) / ~12 (via Besakih),~12 (Pasar Agung) / ~24 (Besakih),5-7 (Pasar Agung) / 8-12 (Besakih); night ascent typical,3-5 (Pasar Agung) / 6-8 (Besakih),2-3 (via Pasar Agung),Pasar Agung>Pos 1: ~2km/2h; Pos 1>Pos 2: ~2km/2h; Pos 2>Summit: ~2km/2h (very steep),Pasar Agung(~1500m)>Summit(3031m): ~1531m; Besakih(~1000m)>Summit: ~2031m,Temple stairs (start); dense forest; exposed volcanic terrain; steep scramble; volcanic crater,Advanced,High,Active volcano (major eruption 2017-2019); altitude; extreme cold; steep loose terrain; volcanic gas; no trail markers in upper section; sacred site — religious restrictions may apply,Upper third: very steep with no protection; summit crater: toxic gas; entire mountain may close without warning during volcanic activity,500+ (fly to Bali),Fly: 1h; then 2h drive,Fly to Bali; car to Besakih/Pasar Agung; local guide mandatory,Temple-based registration; local guide associations control access; some religious restrictions for women,Yes (guide mandatory; temple blessing may be required),conditional,Unknown (varies by guide association; bundled with guide service),None on trail — carry all water,"Not a camping mountain (night ascent for sunrise, return same day)",None,Intermittent at lower sections; none above treeline,Temple areas at base; none on trail,Moderate (sacred status provides some protection),Religious/cultural sensitivity (proper conduct required); volcanic hazard; unlicensed guides; women may face access restrictions during menstruation (local custom),Unknown — spiritual/cultural management takes precedence,Medium,Cultural sensitivity integration; volcanic preparedness; guide standards and licensing; temple area waste management,April-October (check PVMBG status; closed during heightened activity; check religious calendar),5,Holiest mountain in Bali; Mother Temple (Pura Besakih) at base; sunrise over Lombok and Rinjani from summit; deep spiritual significance; Balinese Hindu cosmology center,Medium,Headlamp (night ascent mandatory); warm layers; sturdy boots; 2L water; appropriate temple attire for base; check PVMBG status,3,PVMBG Agung monitoring post; BASARNAS Bali,Falls on steep terrain (darkness); altitude sickness; hypothermia; gas inhalation; exhaustion,Unknown,Medium,2024
batur,Batur,Bali,Bangli / Kintamani,1717,Toya Bungkah / Songan / Kintamani,From Denpasar via Kintamani (2h); well-paved; popular tourist route,Unknown,Unknown,Unknown,Unknown,~3,~6,1.5-2,1-1.5,1-2,Basecamp>Mid-point: ~1.5km/45min; Mid-point>Summit: ~1.5km/45min,Basecamp(~1000m)>Summit(1717m): ~717m total,Volcanic sand and rock; well-trodden tourist path; lava field,Beginner,Low,Loose volcanic rock; pre-dawn darkness (sunrise hike); cold for tourists dressed for tropical Bali; aggressive guide touts at base,Descent on loose volcanic rock: slippery; lava field crossing: uneven terrain,500+ (fly to Bali),Fly: 1h; then 2h drive to Kintamani,Car/motorbike from anywhere in Bali; abundant tour operators,Via guide association (PPPGB controls access); guide mandatory,Yes (guide mandatory — enforced by local association),open,30000-60000 (guide fee additional 300000-500000; 2024 estimate),Carry your own; hot springs at Toya Bungkah after hike,Not applicable (sunrise day trip),None needed (short hike near village),Good throughout,Kintamani/Toya Bungkah; warung at summit (hot drinks/eggs cooked on volcanic steam),Moderate,Overtourism; aggressive guide monopoly; trash at summit; volcanic rock graffiti; standardized guide fees can be exploitative,Unknown,Medium,Guide association ethics reform; summit area cleanup; lava field preservation; caldera-wide waste management (Lake Batur pollution),Year-round (sunrise hike; depart ~3:30am; best visibility Apr-Oct),5,Most popular sunrise hike in Bali; breakfast cooked on volcanic steam; view of Lake Batur caldera; accessible for any fitness level; combine with hot springs,High,Warm jacket; headlamp; comfortable shoes (closed-toe); camera,1,Local guide association; BASARNAS Bali,Slips on volcanic rock; twisted ankles; cold exposure (tourists in shorts),Yes,High,2024
tambora,Tambora,West Nusa Tenggara (NTB),Dompu / Bima (Sumbawa),2722,Doro Mboha (Pancasila village) / Kawinda Toi,From Dompu (3-4h drive to trailhead); rough road to Pancasila village,Unknown,Unknown,Unknown,Unknown,~14 (via Pancasila),~28,10-14 (2 days recommended),7-10,3-4,Unknown — limited documentation; long forest approach then crater rim,Basecamp(~600m)>Crater rim(2722m): ~2122m total,Dense tropical forest; savanna; volcanic terrain; massive 6km-wide crater,Advanced,Medium,"Remote location (limited rescue access); long trail; dense forest navigation; limited water; extreme historical significance (1815 eruption killed 70,000+)",Crater rim: sheer drops into 6km-wide caldera; unstable edges,800+ (fly to Bima),Fly: 2-3h to Bima; then 3-4h drive,Fly to Bima; rent car/4WD to Pancasila village; local guide essential,Local village coordination; guide mandatory,Unknown — coordinate with local authorities,open,Unknown,Carry all water; springs at lower forest unreliable,Forest clearings; crater rim camping,None,None on trail,Pancasila village only,Good (remote; limited human impact since 1815),Extreme remoteness; limited infrastructure; forest fire risk; very few visitors means trail can be overgrown,Natural regrowth since 1815 eruption — one of nature's greatest recovery stories,High,Ecosystem recovery documentation (200+ years post-eruption); eco-tourism development; local guide program; geological education; UNESCO Geopark support,May-September (dry season only — trail impassable in wet season),5,Site of the largest volcanic eruption in recorded history (1815); massive 6km caldera; 'Year Without a Summer' volcano; geological wonder; extreme isolation and pristine ecosystem; one of Indonesia's most remote major summits,Low,4-season tent; sleeping bag; 2 days food/water; GPS device; trekking poles; machete; rain gear; local guide mandatory,5-6,BASARNAS Bima/Dompu,Dehydration; lost trail; exhaustion; falls at crater rim,Unknown,Low,2024
inerie,Inerie,East Nusa Tenggara (NTT),Bajawa (Flores),2245,Watumeze / Ngoranale village,From Bajawa (30-45 min drive); from Labuan Bajo (7-8h drive or fly to Bajawa via Ende),Unknown,Unknown,Unknown,Unknown,~5,~10,5-7,3-5,Unknown,Unknown,Basecamp(~800m)>Summit(2245m): ~1445m total,Grassland; savanna; exposed volcanic ridge; no tree cover for most of ascent,Advanced,High,Fully exposed ridge (no shade or wind protection); extreme heat in lower section; extreme wind at summit; no water on trail; loose volcanic soil; steep grade,Entire upper ridge: no protection from wind/sun; summit cone: very steep loose soil,1500+ (fly to Ende/Bajawa),Fly: 3-4h with connections; then 1h drive,Fly to Ende or Bajawa; car to trailhead,Village coordination; local guide recommended,Unknown,open,Unknown (village donation expected),None on trail — carry all water,Not recommended (exposed; day trip preferred),None,Unknown,Village only,"Good (remote, minimal impact)",Grassland fires in dry season; very limited documentation,Unknown,Medium,Fire prevention; grassland ecosystem documentation; local guide development; erosion control on trail,April-October (avoid wet season — trail becomes dangerous; start pre-dawn to avoid midday heat),5,Perfect conical volcano shape; stunning panorama of Flores landscape; Ngada culture and traditions; one of NTT's most beautiful peaks; remote and untouristy,Low,3L+ water (no shade); sun protection; sturdy boots; trekking poles; wind jacket for summit; start before dawn,4,BASARNAS Ende/Bajawa,Dehydration; heat exposure; falls on steep loose soil; wind-related incidents at summit,Unknown,Low,2024
latimojong,Latimojong (Rante Mario),South Sulawesi,Enrekang / Makassar,3478,Karangan village (Enrekang),From Makassar (8-10h drive to Enrekang then to Karangan); rough road last section,Unknown,Unknown,Unknown,Unknown,~15,~30,14-18 (3-4 days expedition),10-14,4-5,Karangan>Pos 1: ~4km/3h; Pos 1>Pos 2 (Sansarino): ~3km/3h; Pos 2>Pos 3 (Tanete): ~3km/3h; Pos 3>Pos 4 (Rante Mario): ~3km/3h; Pos 4>Summit: ~2km/3h,Karangan(~1200m)>Summit(3478m): ~2278m total,Dense primary rainforest; moss forest; alpine meadow; rocky summit,Advanced,High,Extreme remoteness; 3-4 day expedition; limited rescue access; dense forest (lost trail risk); cold; altitude; leeches; limited water in upper sections; very few climbers per year,Moss forest section: trail disappears under moss; summit approach: exposed rocky ridge,1500+ (fly to Makassar),Fly: 1.5h; then 8-10h drive,Fly to Makassar; rent car to Enrekang/Karangan; local guide mandatory,Village coordination; local guide mandatory; report to Enrekang authorities,Unknown — coordinate with local authorities,open,Unknown (village donation + guide fee),Streams at lower elevations; unreliable above Pos 2; carry purification,Clearings at each pos station,None,None on trail,None on trail; Karangan village,"Good (remote, pristine primary forest)",Extreme remoteness; very limited trail documentation; leech-heavy forest; logging threats at forest edges,Unknown,High,Primary forest protection; endemic species research (biodiversity hotspot); community guide development; anti-logging patrols; trail documentation and mapping,June-September (driest period),Unknown,Highest peak in Sulawesi; one of Indonesia's Seven Summits (Tujuh Puncak); true multi-day expedition; pristine primary rainforest; extremely few summiteers; Torajan/Duri culture nearby,Low,4-season tent; -5°C sleeping bag; 4 days food; water purification; GPS device; gaiters (leeches); trekking poles; machete; rain gear; first aid kit; local guide,5-6 (per day: 2-3L),BASARNAS Makassar; Enrekang police,Lost trail; dehydration; leech bites; hypothermia; exhaustion; altitude sickness,Unknown,Low,2024
lompobattang,Lompobattang,South Sulawesi,Bantaeng / Makassar,2871,Basecamp via Malino area,From Makassar via Malino (3-4h drive),Unknown,Unknown,Unknown,Unknown,Unknown,Unknown,Unknown,Unknown,Unknown,Unknown,Unknown,Dense tropical forest; moss forest,Advanced,Medium,Dense forest; limited trail documentation; isolation; leeches; wet conditions year-round,Unknown,1500+ (fly to Makassar),Fly: 1.5h; then 3-4h drive,Fly to Makassar; car to basecamp; local guide mandatory,Unknown — local coordination required,Unknown,open,Unknown,Unknown,Unknown,None,Unknown,None on trail,Unknown,Very limited documentation; rarely climbed; overgrown trails,Unknown,Medium,Baseline environmental survey; trail documentation; endemic species research,June-September,Unknown,Second highest in Sulawesi; extremely rarely climbed; pristine forest; for serious peak-baggers only,Low,Full expedition kit; GPS device; machete; gaiters (leeches); local guide mandatory; 3+ days supplies,4-5,BASARNAS Makassar,Lost trail; unknown — limited reporting,Unknown,Low,2024
bawakaraeng,Bawakaraeng,South Sulawesi,Gowa / Makassar,2845,Basecamp Lembanna / Malino area,From Makassar via Malino (2.5-3h drive),Unknown,Unknown,Unknown,Unknown,~10,~20,8-10,5-7,3-4,Unknown,Unknown,Forest; open savanna; crater rim,Intermediate,Medium,Crater rim collapse (historical landslide event at summit area); slippery trail; dense fog; cold,Summit/crater area: history of major collapse; unstable terrain at crater rim,1500+ (fly to Makassar),Fly: 1.5h; then 2.5-3h drive,Fly to Makassar; car to basecamp,Basecamp registration; local guide recommended,Unknown,open,Unknown,Springs at lower elevations; carry for upper sections,Savanna area before summit; Pos 2-3,None,Unknown,Basecamp area,Unknown,Summit area instability; limited documentation,Unknown,Medium,Summit stability monitoring; trail maintenance; forest conservation,June-September,4,Most popular mountain near Makassar; sacred to Bugis-Makassar culture; dramatic crater collapse visible; challenging but accessible from South Sulawesi capital,Medium,3-season tent; sleeping bag; trekking poles; rain gear; headlamp; 3L water,3-4,BASARNAS Makassar,Slips; hypothermia; crater area falls,Unknown,Low,2024
